nome|documento|fone|celular|email|rua|bairro|complemento|numero|cidade|estado
Evangeline A. Huffman|1635051721799|(24) 2774-1423|(55) 9870-0950|eu.nibh@ultriciesadipiscingenim.edu|504-3539 Magna. Road|Centro|T9M 4F6|203|Caxias do Sul|Rio Grande do Sul
William P. Woodward|1626090213699|(84) 9884-2902|(41) 7162-8925|feugiat@Nunc.com|292-341 Mauris. Road|Centro|B5P 7B2|560|Camaragibe|Pernambuco
Camden S. Wolfe|1649100443799|(40) 9400-3164|(19) 8049-4993|Donec@eleifendnec.edu|Ap #894-2996 Justo. Road|Centro|O5Z 2Y9|378|Foz do Iguaçu|PR
Hollee K. Buchanan|1674040631799|(15) 4045-0467|(91) 6687-0579|consequat@laciniaorciconsectetuer.co.uk|Ap #225-4430 Orci. St.|Centro|R5M 9P7|399|Petrópolis|Rio de Janeiro
Josiah K. Sparks|1649051873599|(73) 1231-8301|(02) 5120-1085|Aliquam.fringilla@ipsumdolorsit.co.uk|Ap #477-4201 Eget, St.|Centro|B5S 3O8|510|Ribeirão das Neves|Minas Gerais
Wayne B. Vasquez|1624100321799|(68) 8570-4673|(26) 2895-5830|aliquam.adipiscing@luctusCurabituregestas.ca|403-3247 Pulvinar Av.|Centro|B4X 7Q7|368|Belo Horizonte|MG
Oliver G. Petty|1696051718799|(02) 4217-8641|(35) 4304-8091|urna.nec@senectus.net|461-164 Nonummy St.|Centro|D1G 3V8|719|Paulista|PE
Angelica Y. Rios|1659101641099|(92) 8976-4329|(11) 3645-0427|nec.luctus@aliquetsem.co.uk|764-519 Lorem Street|Centro|U5Z 2Q9|286|Santa Inês|Maranhão
Griffith O. Stephenson|1684042978999|(48) 2509-7826|(87) 4995-0666|semper.pretium@Integertincidunt.net|P.O. Box 137, 9885 Erat. Rd.|Centro|N5Y 2S9|49|Piracicaba|SP
Paloma K. Dorsey|1674082481199|(62) 3981-2310|(37) 5132-8028|eu@euismodest.edu|P.O. Box 615, 6148 Molestie Av.|Centro|X8Y 1Z2|622|Carapicuíba|São Paulo
Tyrone D. Moody||(12) 5571-5965|(35) 9773-2462|imperdiet@nonlaciniaat.org|P.O. Box 870, 9162 Dictum Rd.|Centro|U0L 9N1|611|Nova Iguaçu|RJ
Iris R. Knowles|1643062693499|(95) 5448-6013|(97) 2024-5807|neque.tellus.imperdiet@metus.com|484-5185 Orci. Av.|Centro|W1O 0J2|311|Canoas|RS
Ahmed M. Fields|1619020405599|(68) 7583-5165|(68) 3222-0865|ut.ipsum.ac@et.co.uk|2855 Neque St.|Centro|W3H 5T3|483|Duque de Caxias|RJ
Erin Q. Haley|1644062888999|(81) 7706-7429|(31) 4435-2477|dolor@enimconsequatpurus.ca|7219 Sed St.|Centro|J0D 6M8|43|Governador Valadares|MG
September A. Norton|1622071531299|(84) 4501-8564|(48) 4589-6027|vel@Quisque.com|797-5071 Fringilla Street|Centro|O7Z 1A1|173|Itabuna|Bahia
Ralph X. Osborn|1624092246699|(91) 5392-1694|(13) 2797-9511|Duis.gravida.Praesent@eu.net|149-1961 Vivamus Street|Centro|I4Z 2G8|253|Ipatinga|MG
Emi Z. Battle|1640071176199|(37) 3730-0979|(67) 3722-6259|Vestibulum.ante@sit.net|426-1533 Fusce St.|Centro|L7N 0P8|108|Colombo|PR
Uriel S. Shepard|1624031422799|(27) 6379-4378|(60) 6812-5424|justo@maurisMorbinon.edu|1209 Egestas St.|Centro|B8T 8Y1|492|Salvador|Bahia
Marvin C. Gill|1658051748399|(06) 8872-3214|(01) 3766-1519|tristique.neque.venenatis@tempus.net||Centro|W3G 7F5|371|Campinas|SP
Iona O. Cameron|1636101582299|(22) 9213-1387|(54) 8425-3018|Integer.eu.lacus@dolor.edu|Ap #277-9454 Malesuada Ave|Centro|C4F 6U8|76|Guarulhos|SP
Barclay Z. Nicholson|1611042510399|(30) 5487-6893|(72) 3358-9475|nec@ligulaAeneaneuismod.edu|5298 Ac Rd.|Centro|H0Y 2P0|362|Joinville|SC
Stella D. Knight|1666050923799|(22) 9536-4739|(66) 6231-2570|ante.lectus.convallis@posuereenimnisl.edu|207-2284 Sem Road|Centro|A9O 8L8|660|Chapecó|SC
Benjamin B. Cannon|1614122915999|(70) 9081-0185|(31) 8350-5781|Nunc@urna.net|212-7931 Massa. Street|Centro|Z4H 6I6|708|Barra do Corda|MA
Melinda V. Koch|1626031937499|(09) 1814-3169|(61) 9399-5194|facilisis.lorem.tristique@risus.net|8088 Arcu. Ave|Centro|M1Q 5L2|140|Campinas|SP
Amery N. Lawrence|1669102449799|(25) 4470-5942|(23) 3207-7199|cursus@leo.net|Ap #292-4937 Suspendisse Street|Centro|V2P 5I8|277|Paranaguá|Paraná
Chloe E. Padilla|1633073090299|(20) 4168-4757|(15) 2046-6370|arcu.vel@nullamagnamalesuada.net|P.O. Box 542, 8371 Feugiat St.|Centro|P3J 7N5|446|São Gonçalo|RJ
Tyler Q. Dale|1650062170899|(40) 7900-9758|(37) 8314-7382|Duis.a@tinciduntaliquamarcu.edu|P.O. Box 123, 7799 Ac Ave|Centro|M1D 0Q1|187|Rio Grande|RS
Harding B. Mcleod|1641111117899|(09) 1562-4000|(09) 9585-2863|faucibus.Morbi@sociisnatoque.co.uk|Ap #571-8584 Lectus Av.|Centro|A0P 4I5|69|Sete Lagoas|Minas Gerais
Bernard U. Buchanan|1617041492099|(25) 8815-8797|(93) 1086-9104|metus.eu.erat@vitae.ca|Ap #497-1956 Parturient St.|Centro|O4Z 0X2|641|Ribeirão Preto|São Paulo
Odette D. Moran|1611090945299|(80) 8458-4232|(84) 4654-1813|Cras@quis.co.uk|8913 Orci Rd.|Centro|U7F 3K0|216|Guarulhos|São Paulo
Jolene I. Bowen|1618112339499|(44) 9517-2248|(17) 8067-5784|semper.rutrum@infaucibusorci.org|P.O. Box 474, 3066 Ac Rd.|Centro|K2U 8R3|425|Carapicuíba|SP
Garrett B. Knight|1631042464799|(42) 7980-2062|(48) 2973-7659|dolor.Fusce.mi@massalobortis.com|P.O. Box 109, 1880 Sed Avenue|Centro|N9V 5H5|420|Sete Lagoas|Minas Gerais
Yael I. Cameron|1614092789799|(35) 6665-6610|(73) 9204-3445|metus.In@amagnaLorem.edu|9340 Fermentum Ave|Centro|N9B 3E5|254|São Gonçalo|RJ
Sybil N. Armstrong|1642112646899|(29) 7528-6103|(52) 6903-8810|torquent.per@felisNullatempor.net|P.O. Box 566, 169 Aliquet. Ave|Centro|E2D 7J2|123|Mogi das Cruzes|SP
Xandra B. Fernandez|1603072739199|(84) 6987-9798|(59) 9965-9299|mollis@velitegestaslacinia.edu|Ap #733-401 Egestas Avenue|Centro|X5X 8Q9|608|Juiz de Fora|Minas Gerais
Philip C. Henry|1619092583699|(70) 8198-7958|(00) 3568-2593|et@sitamet.co.uk|396-5771 Mauris, Ave|Centro|Z7I 2V0|612|São João de Meriti|Rio de Janeiro
Ivory T. Mann|1623062486099|(49) 6147-7210|(47) 7273-7519|Curae@in.edu|1626 Faucibus Ave|Centro|D8P 0A7|310|Governador Valadares|Minas Gerais
Rana I. Sandoval|1653040270899|(89) 1322-4746|(51) 1993-6422|Nulla@malesuadafamesac.com|856-4796 Habitant Av.|Centro|K5L 5E0|127|Paulista|Pernambuco
Hedy W. Banks|1672061424699|(08) 6695-6378|(43) 9755-2646|luctus@vestibulum.ca|7684 Vitae, Street|Centro|A0M 7G7|636|João Pessoa|PB
Evangeline Q. Hodge|1656121372099|(80) 2519-7139|(71) 8459-4952|nunc.est.mollis@elementumpurus.net||Centro|S1U 3Q9|270|Camaragibe|PE
Risa H. Rice|1696032429499|(64) 6825-1794|(40) 7965-7808|quis@nonlobortisquis.org|P.O. Box 547, 9436 Bibendum St.|Centro|Q5G 6B0|211|Juazeiro do Norte|Ceará
Orlando T. Miller|1694071997299|(76) 4383-6319|(45) 9475-5161|arcu@Suspendissealiquetsem.com|P.O. Box 152, 8471 Aliquet, Road|Centro|J9R 0I0|432|Ipatinga|Minas Gerais
Rafael N. Nunez|1629081806699|(45) 9212-7371|(32) 4467-4070|Nunc.ullamcorper.velit@Sednunc.ca|P.O. Box 693, 119 Donec Street|Centro|T5Q 0S6|88|Salvador|Bahia
Amber J. Bond|1606031537399|(83) 7631-2569|(88) 4875-2296|aliquet.metus@augueac.co.uk|426 Magna. St.|Centro|U3H 7E5|245|Diadema|São Paulo
Heidi K. Jennings|1688102221499|(26) 7259-7556|(38) 4578-3830|lectus.rutrum@Duis.net|785-775 Egestas. Ave|Centro|T9S 4E2|672|Belford Roxo|RJ
Mannix Z. Daugherty|1615070629599|(48) 5182-7835|(10) 7582-9658|Nulla@placerat.edu|269-2857 In, Ave|Centro|E2A 4W8|693|Gravataí|RS
Jael X. Dominguez|1630011997199|(81) 8023-8104|(97) 5271-5600|odio.tristique.pharetra@ante.net|194-791 Felis. St.|Centro|K4E 4T3|185|Castanhal|Pará
Melodie C. Fox|1612011508899|(13) 6749-9066|(10) 2369-4718|non@Quisqueornare.edu|864-9048 Fusce Av.|Centro|B3H 6W1|557|Criciúma|SC
Tashya S. Richard|1603011415499|(44) 2499-3771||bibendum@hendreritidante.org|Ap #553-4911 Arcu. Rd.|Centro|W9T 2F5|529|Londrina|Paraná
Deirdre D. Forbes|1686111389699|(86) 6819-7625|(24) 8773-0960|leo@lobortistellus.co.uk|643-5363 Ut Rd.|Centro|Q4T 0C1|162|São José|SC
Joel Z. Drake|1617090580299|(53) 3269-2267|(88) 8119-1354|tempor@ipsumDonecsollicitudin.edu|P.O. Box 241, 360 Nullam Rd.|Centro|K3U 6M2|342|Juazeiro|BA
Dean B. Crosby|1645052029799|(67) 3697-8022|(67) 3416-4083|euismod.et@turpisegestas.co.uk|Ap #543-4478 Magna. Rd.|Centro|B3E 9Z0|233|Campinas|São Paulo
Jacqueline Z. Dalton|1607121560899|(81) 8410-8631|(09) 6957-7900|augue.Sed@etrutrumeu.net|464 Hendrerit Avenue|Centro|X8Q 1T7|629|São José|Santa Catarina
Deborah B. Byrd|1659041021099|(77) 9999-0417|(84) 1505-8171|Curabitur.egestas.nunc@nonenim.org|701-3570 Ac, St.|Centro|Q7S 2S8|267|Cametá|Pará
Sigourney A. Woodard|1610020123199|(09) 5619-6238|(71) 5564-3791|risus.odio@posuerecubilia.edu|P.O. Box 833, 234 Class Street|Centro|V4H 9A4|108|Colombo|PR
Kathleen F. Patterson|1610120670799|(98) 5052-8950|(07) 9287-0725|Nunc.mauris.sapien@augue.edu|P.O. Box 534, 7602 Sed Ave|Centro|V5P 2B6|132|Contagem|MG
Signe F. Lang|1657021978699|(54) 9056-8446|(59) 6784-7802|rutrum.magna@condimentumDonec.co.uk|2254 Curae; Street|Centro|Z8D 2Z1|284|Cascavel|PR
Boris G. Tate|1625042148399|(35) 1629-6280|(32) 2829-6292|tellus@pharetrafelis.co.uk|P.O. Box 181, 4353 Ut St.|Centro|G3H 8Q1|77|Itabuna|BA
Otto G. Bruce|1625011063399|(23) 7440-0740|(99) 4571-3667|fermentum@molestiesodales.ca|P.O. Box 686, 685 Quisque Street|Centro|D2U 4K0|472|Feira de Santana|Bahia
Micah S. Benjamin|1641030378799|(60) 9104-7973|(14) 8212-3023|In.condimentum@facilisisvitae.com|P.O. Box 112, 1016 Nibh St.|Centro|E8I 0U4|379|Goiânia|GO
Cecilia D. Delaney|1631061699899|(57) 4452-7298|(90) 4751-0722|ut@nislarcuiaculis.net|Ap #157-3239 Enim, Ave|Centro|Q7N 0E6|591|Governador Valadares|MG
Kylee P. Sawyer|1630060744799|(33) 8613-5410|(83) 9499-0192|enim@Maecenaslibero.co.uk|Ap #970-1512 Egestas. Ave|Centro|L7E 2M3|73|Luziânia|GO
Clinton M. Knowles|1692011080999|(01) 8420-6238|(27) 8623-4804|euismod.in.dolor@nisi.co.uk|653-5139 Egestas Rd.|Centro|C7C 8I0|200|Carapicuíba|SP
Jescie P. Bradford|1683121454699|(21) 4643-0570|(95) 3990-9957|orci@Phasellusvitae.co.uk|433-2950 Nullam Street|Centro|B3J 4C4|595|Maracanaú|Ceará
Hunter R. Bean|1692060970199|(85) 7342-1244|(68) 9063-8184|natoque.penatibus.et@elitpellentesque.org|P.O. Box 607, 9963 Convallis Av.|Centro|N8Y 7P6|547|Juiz de Fora|MG
Dale T. Cunningham|1699060585999|(53) 7984-9465|(30) 1571-6123|faucibus@dictumPhasellus.org|P.O. Box 334, 338 Nulla Avenue|Centro|U2E 6Z0|51|Juiz de Fora|MG
Quynn U. Davidson|1663031465699|(18) 9422-3955|(02) 8658-5457|mi.felis.adipiscing@elementumsemvitae.co.uk|4988 Donec Street|Centro|W1A 8S3|467|Juiz de Fora|MG
Elijah N. Harding|1603111727799|(46) 5726-2652|(92) 1527-7719|elit.elit@nonante.ca|966 Tempor Avenue|Centro|T1T 6D0|708|Cabo de Santo Agostinho|PE
Madonna U. Stafford|1683042010099|(01) 1022-2277|(92) 6059-5874|venenatis.lacus.Etiam@semmolestiesodales.org|Ap #286-4755 Lectus. St.|Centro|C0G 5T2|728|Itabuna|Bahia
Chandler V. Mcneil|1651101471499|(02) 2193-9744|(73) 1329-9542|Sed.congue.elit@semconsequat.ca|2760 Ut, Street|Centro|U7D 0X7|61|Juiz de Fora|MG
Yolanda Y. Mccarty|1627122050999|(14) 3016-8281|(01) 7446-9067|Nunc@pellentesque.com|480-1217 Ridiculus Avenue|Centro|Q1L 6Z7|164|Rio Grande|Rio Grande do Sul
Lance K. Ratliff|1643082527299|(81) 2256-2670|(09) 2896-2533|Vestibulum.ut.eros@eueleifendnec.org|7167 Tortor Street|Centro|F6D 2A3|577|Belo Horizonte|Minas Gerais
Diana K. Chandler|1644111916899|(81) 8033-8422|(00) 6548-3644|quis@lacus.edu|974 Penatibus Street|Centro|V0P 9B2|311|Ribeirão das Neves|Minas Gerais
Byron M. Hanson|1607050959199|(80) 9902-7643|(70) 8382-7701|urna.Ut.tincidunt@euduiCum.edu|Ap #598-1613 Sapien. Street|Centro|H0C 8P7|507|Jundiaí|São Paulo
Jacob R. Mayo|1639022157699|(63) 6123-9376|(63) 9442-1179|molestie.tellus.Aenean@Crasvulputatevelit.net|P.O. Box 461, 3579 Vivamus St.|Centro|A6M 6A3|509|Divinópolis|Minas Gerais
Sopoline Q. Roy|1617110393299|(41) 6017-1818|(32) 8332-4924|Nam@asollicitudinorci.org|650-962 Pretium St.|Centro|T5C 8M4|621|Nova Iguaçu|Rio de Janeiro
Armando T. Burgess|1652123081299|(24) 2607-1556|(17) 1440-2509|nascetur.ridiculus@nequeSedeget.ca|3435 Cubilia Street|Centro|D5C 9V5|586|Foz do Iguaçu|PR
Geraldine W. Carey|1695121252099|(75) 7269-0696|(74) 3997-1672|at.sem.molestie@Loremipsumdolor.org|267-6756 Cras Rd.|Centro|C6F 2L6|3|Uberaba|MG
Lavinia W. Cannon|1617121370299|(06) 6815-0863|(81) 1586-8222|sapien.molestie@convalliserat.ca|957-8968 Risus Av.|Centro|H0W 0C7|516|Contagem|Minas Gerais
Heather K. French|1683072811199|(88) 4460-3253|(32) 2833-4618|lacus.pede.sagittis@sitamet.net|420-1709 Ac Ave|Centro|Y5S 6S3|454|Juiz de Fora|MG
Regina B. Mosley|1614121779699|(48) 2664-4081|(99) 5058-8925|nec.ante.Maecenas@nonummyipsum.ca|Ap #186-9177 Luctus Rd.|Centro|X6A 9S6|352|Santa Maria|Rio Grande do Sul
Reed H. Levine|1608010310199|(80) 3603-8912|(74) 8732-6292|nunc.sed.libero@nec.edu|Ap #320-3013 Mattis Rd.|Centro|F1S 4L0|411|Açailândia|Maranhão
Ishmael D. Gilmore|1606041007499|(89) 2871-1422|(63) 9549-9845|Cras.lorem.lorem@eutemporerat.com|Ap #161-2700 Erat, Avenue|Centro|O6O 4Q2|595|Osasco|SP
Kelly J. Torres|1652012320199|(72) 9592-5385|(72) 2496-9156|aliquet.lobortis@placeratCrasdictum.net|Ap #126-2787 Tortor, Ave|Centro|J5S 5X9|91|Jaboatão dos Guararapes|PE
Judith M. Lawrence|1633123079999|(26) 4551-3600|(12) 7173-7865|ultrices.iaculis@nibhPhasellusnulla.ca|223-2052 Cum Av.|Centro|B2K 9M6|500|Mogi das Cruzes|São Paulo
Macaulay A. Mills|1642090322599|(96) 1920-4818|(88) 3288-7423|nunc.ullamcorper@PhasellusornareFusce.com|Ap #202-3606 Fermentum Street|Centro|N8L 5J4|337|Carapicuíba|SP
Brynn F. Case|1607020749199|(66) 8064-6856|(46) 3582-2125|lorem.eu.metus@convallis.edu|229-3578 Sociis St.|Centro|K0N 6Z2|37|São Gonçalo|Rio de Janeiro
Jonah O. Lamb|1664050834799|(84) 4859-2847|(16) 6563-2206|Donec.at.arcu@feugiattellus.com|140-272 Curabitur Rd.|Centro|E7X 2I3|652|Criciúma|Santa Catarina
Forrest B. Booth|1670011008099|(19) 7190-5415|(33) 9578-4216|sagittis.lobortis@quam.net|8099 Tincidunt Av.|Centro|N1O 1J4|490|Fortaleza|Ceará
Margaret J. Middleton|1662031995399|(22) 4751-6404|(98) 5421-0260|justo.nec.ante@Donec.net|7463 At, Avenue|Centro|N6U 0J9|473|Montes Claros|Minas Gerais
Micah B. Howe|1604070979099|(65) 5874-0462|(94) 9314-4425|ipsum@gravidasagittis.net|Ap #147-3823 Et Rd.|Centro|C7N 1L9|413|Jundiaí|São Paulo
Uriel E. Johnston|1650031025699|(06) 2169-8492|(80) 7587-3855|odio.vel.est@utquamvel.ca|749 Lorem, Street|Centro|O3E 6T6|539|Mogi das Cruzes|SP
Harding C. Caldwell|1656031729499|(44) 7991-6038|(99) 4618-7555|quam.a@fringilla.org|P.O. Box 261, 7963 Sit Ave|Centro|L4E 9K5|407|Mogi das Cruzes|SP
Josephine A. Riddle|1639010371299|(73) 9928-5522|(02) 3809-8955|ac.metus.vitae@NullamnislMaecenas.edu|833 Enim Rd.|Centro|A9B 1F2|723|Marabá|PA
Timothy P. Powell|1639110891199|(33) 4413-5309|(67) 2295-1896|Nulla.facilisi@eget.com|Ap #283-6613 Mauris, Rd.|Centro|Y0P 2A2|581|Cajazeiras|PB
Maggie U. Morgan|1669012664499|(41) 5093-1305|(17) 7817-1008|Maecenas@tinciduntpedeac.ca|P.O. Box 587, 743 Eu St.|Centro|O9V 1P4|312|São José|SC
Summer N. Vazquez|1624112514699|(83) 7799-6096|(41) 1651-1974|aliquet.libero@orci.org|P.O. Box 281, 9421 Vel Road|Centro|U6Z 8A0|68|Piracicaba|SP
Dara F. Mcdonald|1623090495699|(76) 7476-8845|(36) 7020-0116|dictum.augue@id.edu||Centro|H5H 8G3|674|Lauro de Freitas|Bahia
Fritz D. Terry|1681102401899|(08) 4605-2942|(61) 4248-2182|pede.ac.urna@enimSednulla.edu|262-4333 Eros Rd.|Centro|F6K 8B7|238|Nova Iguaçu|Rio de Janeiro
Venus L. Carlson|1622041199399|(51) 7176-9287|(41) 3253-3814|Fusce.mollis@consectetuer.com|Ap #613-9383 Tellus Avenue|Centro|B9W 0B3|513|Osasco|São Paulo